{
	"condition": "minecraft:any_of",
	"terms": [
		{
			"condition": "minecraft:entity_properties",
			"entity": "this",
			"predicate": {
				"type_specific": {
					"type": "minecraft:player",
					"input": {
						"forward": true
					}
				}
			}
		},
		{
			"condition": "minecraft:entity_properties",
			"entity": "this",
			"predicate": {
				"type_specific": {
					"type": "minecraft:player",
					"input": {
						"backward": true
					}
				}
			}
		},
		{
			"condition": "minecraft:entity_properties",
			"entity": "this",
			"predicate": {
				"type_specific": {
					"type": "minecraft:player",
					"input": {
						"left": true
					}
				}
			}
		},
		{
			"condition": "minecraft:entity_properties",
			"entity": "this",
			"predicate": {
				"type_specific": {
					"type": "minecraft:player",
					"input": {
						"right": true
					}
				}
			}
		}
	]
}
